{
    "H": 1428.0,
    "R": 842.0,
    "HR": 275.0,
    "TB": 2565.0,
    "RBI": 806.0,
    "BB": 568.0,
    "K": 1289.0,
    "SB": 75.0,
    "AVG": 0.2543853847503662,
    "OPS": 0.8048069707870482,
    "IP": 996.0000000000002,
    "HRG": 119.0,
    "QS": 76.0,
    "W": 58.0,
    "L": 53.0,
    "SV": 59.0,
    "BAA": 0.22510937423706057,
    "ERA": 3.374997459411621,
    "WHIP": 1.1621424932479858,
    "K9": 9.646247381210326
}