{
    "H": 1502.0,
    "R": 887.0,
    "HR": 260.0,
    "TB": 2635.0,
    "RBI": 827.0,
    "BB": 641.0,
    "K": 1401.0,
    "SB": 98.0,
    "AVG": 0.25946056108474735,
    "OPS": 0.7977029979705811,
    "IP": 1032.8000000000002,
    "HRG": 150.0,
    "QS": 69.0,
    "W": 69.0,
    "L": 63.0,
    "SV": 51.0,
    "BAA": 0.2280143196105957,
    "ERA": 4.36730471611023,
    "WHIP": 1.1935722732543945,
    "K9": 7.862939359664917
}