{
    "H": 1518.0,
    "R": 883.0,
    "HR": 251.0,
    "TB": 2634.0,
    "RBI": 843.0,
    "BB": 636.0,
    "K": 1428.0,
    "SB": 103.0,
    "AVG": 0.2442614601135254,
    "OPS": 0.7849556894302367,
    "IP": 1054.4000000000003,
    "HRG": 153.0,
    "QS": 76.0,
    "W": 67.0,
    "L": 61.0,
    "SV": 67.0,
    "BAA": 0.21914620418548586,
    "ERA": 3.2658930759429934,
    "WHIP": 1.0020388574600219,
    "K9": 9.176824571609497
}