{
    "H": 1523.0,
    "R": 862.0,
    "HR": 262.0,
    "TB": 2665.0,
    "RBI": 850.0,
    "BB": 582.0,
    "K": 1423.0,
    "SB": 74.0,
    "AVG": 0.24398654947280884,
    "OPS": 0.7451448360443116,
    "IP": 1049.9000000000003,
    "HRG": 140.0,
    "QS": 70.0,
    "W": 70.0,
    "L": 65.0,
    "SV": 62.0,
    "BAA": 0.23962589263916018,
    "ERA": 5.14053422832489,
    "WHIP": 1.2807950201034546,
    "K9": 10.005797276496889
}