{
    "H": 1536.0,
    "R": 908.0,
    "HR": 271.0,
    "TB": 2706.0,
    "RBI": 885.0,
    "BB": 640.0,
    "K": 1403.0,
    "SB": 96.0,
    "AVG": 0.268524076461792,
    "OPS": 0.8350322942733766,
    "IP": 1107.2,
    "HRG": 132.0,
    "QS": 80.0,
    "W": 71.0,
    "L": 60.0,
    "SV": 67.0,
    "BAA": 0.22255881662368773,
    "ERA": 3.1926097021102904,
    "WHIP": 1.0345086240768433,
    "K9": 9.54846939754486
}