{
    "H": 1559.0,
    "R": 929.0,
    "HR": 242.0,
    "TB": 2669.0,
    "RBI": 869.0,
    "BB": 642.0,
    "K": 1448.0,
    "SB": 115.0,
    "AVG": 0.28209060230255123,
    "OPS": 0.8441248039245606,
    "IP": 1033.9000000000003,
    "HRG": 128.0,
    "QS": 76.0,
    "W": 66.0,
    "L": 55.0,
    "SV": 48.0,
    "BAA": 0.2537817876815796,
    "ERA": 4.4470231819152835,
    "WHIP": 1.2395705337524414,
    "K9": 8.191596484184265
}