{
    "H": 1553.0,
    "R": 868.0,
    "HR": 253.0,
    "TB": 2661.0,
    "RBI": 853.0,
    "BB": 654.0,
    "K": 1427.0,
    "SB": 102.0,
    "AVG": 0.25713644285202025,
    "OPS": 0.7683763083457946,
    "IP": 1059.6000000000004,
    "HRG": 116.0,
    "QS": 84.0,
    "W": 76.0,
    "L": 51.0,
    "SV": 69.0,
    "BAA": 0.2296641035079956,
    "ERA": 4.634095823287964,
    "WHIP": 1.3140059633255006,
    "K9": 9.559656644821168
}