{
    "H": 1547.0,
    "R": 882.0,
    "HR": 242.0,
    "TB": 2621.0,
    "RBI": 812.0,
    "BB": 636.0,
    "K": 1430.0,
    "SB": 90.0,
    "AVG": 0.2677112231254578,
    "OPS": 0.8022235967636109,
    "IP": 1110.5000000000002,
    "HRG": 134.0,
    "QS": 83.0,
    "W": 72.0,
    "L": 61.0,
    "SV": 64.0,
    "BAA": 0.23025198764801025,
    "ERA": 3.9591754503250125,
    "WHIP": 1.2228599100112914,
    "K9": 10.19639917087555
}