{
    "H": 1441.0,
    "R": 802.0,
    "HR": 246.0,
    "TB": 2510.0,
    "RBI": 814.0,
    "BB": 607.0,
    "K": 1344.0,
    "SB": 81.0,
    "AVG": 0.2616167686462403,
    "OPS": 0.8015613362312317,
    "IP": 1060.9,
    "HRG": 157.0,
    "QS": 83.0,
    "W": 76.0,
    "L": 59.0,
    "SV": 55.0,
    "BAA": 0.2523314193725586,
    "ERA": 4.628267227172852,
    "WHIP": 1.2939067544937133,
    "K9": 9.441604048728943
}