{
    "H": 1512.0,
    "R": 925.0,
    "HR": 277.0,
    "TB": 2703.0,
    "RBI": 895.0,
    "BB": 647.0,
    "K": 1433.0,
    "SB": 79.0,
    "AVG": 0.2463651370048523,
    "OPS": 0.7516425101280213,
    "IP": 1039.3000000000002,
    "HRG": 123.0,
    "QS": 68.0,
    "W": 81.0,
    "L": 52.0,
    "SV": 61.0,
    "BAA": 0.24212306413650514,
    "ERA": 3.9630205488204955,
    "WHIP": 1.1937917346954348,
    "K9": 9.127161626815795
}